2026年8月末時点,,,,,,,,,,,,
送電線 No,線路名,電圧（kV）,回線数,設備容量(100%×回線数)（MW）,運用容量値（MW）,運用容量制約要因,当該設備の空容量（MW）,N-1電制適用可否,N-1電制適用可能量（MW）,平常時出力制御の可能性,平常時出力制御の可能性がある上位系設備,備考
1,伊是名線2号,22,1,12,12,熱容量,12,-,-,-,-,※１
2,伊是名線1号,22,1,12,12,熱容量,9,-,-,-,-,※１
3,伊江線1号／2号,22,2,22,11,熱容量,3,-,-,-,-,
6,汀間線,22,1,14,14,熱容量,4,-,-,-,-,※１
7,特仲石線,22,1,14,14,熱容量,14,-,-,-,-,※１
8,特洲前線,22,1,13,13,熱容量,13,-,-,-,-,※１
9,特区線,22,1,14,14,熱容量,14,-,-,-,-,※１
10,特自貿線,22,1,14,14,熱容量,14,-,-,-,-,※１
11,特ふ頭線,22,1,14,14,熱容量,14,-,-,-,-,※１
12,特島袋線,22,1,14,14,熱容量,14,-,-,-,-,※１
13,特美浜線,22,1,14,14,熱容量,14,-,-,-,-,※１
14,A送電線,22,1,12,12,熱容量,12,-,-,-,-,※１
15,B送電線,22,1,12,12,熱容量,12,-,-,-,-,※１
16,特西原線,22,1,14,14,熱容量,14,-,-,-,-,※１
17,C送電線,22,1,-,-,熱容量,14,-,-,-,-,◇
18,那覇西線,22,1,14,14,熱容量,14,-,-,-,-,※１
19,新川線・阿波線,13.8,1,8,8,熱容量,8,-,-,-,-,※１
20,田嘉里線,13.8,1,8,8,熱容量,8,-,-,-,-,※１
21,慶佐次大保線,13.8,1,9,9,熱容量,4,-,-,-,-,※１
24,D送電線,13.8,1,-,-,熱容量,8,-,-,-,-,◇
25,E送電線,13.8,1,-,-,熱容量,8,-,-,-,-,◇
26,特ケラ線,22,1,14,14,熱容量,14,-,-,-,-,※１
28,特登川線,22,1,14,14,熱容量,14,-,-,-,-,※１
29,特美里線,22,1,18,18,熱容量,18,-,-,-,-,※１
30,特冨着線,22,1,14,14,熱容量,14,-,-,-,-,※１
31,特旭橋線,22,1,12,12,熱容量,12,-,-,-,-,※１
32,特臨港線,22,1,12,12,熱容量,12,-,-,-,-,※１
33,特西洲線,22,1,14,14,熱容量,14,-,-,-,-,※１
34,特与根線,22,1,10,10,熱容量,10,-,-,-,-,※１
35,特瀬長線,22,1,10,10,熱容量,10,-,-,-,-,※１
36,特豊崎線,22,1,10,10,熱容量,10,-,-,-,-,※１
37,特楚洲線,13.8,1,9,9,熱容量,3,-,-,-,-,※１
38,特知念線,22,1,15,15,熱容量,15,-,-,-,-,※１
39,特名城線,22,1,14,14,熱容量,14,-,-,-,-,※１
40,特玉城線,22,1,15,15,熱容量,13,-,-,-,-,※１
41,特馬天線,22,1,15,15,熱容量,14,-,-,-,-,※１
42,特平敷屋線,22,1,15,15,熱容量,15,-,-,-,-,※１
