2026年9月9日更新,,,,,,,,,,,,,,,
送電線No,送電線名,電圧[kV],回線数,設備容量(100%×回線数)[MW],運用容量値[MW],運用容量制約要因,潮流方向,予想潮流[MW],空容量[MW],N-1電制適用可否,N-1電制適用可能量[MW],平常時出力制御の可能性,平常時出力制御の可能性がある設備－当該設備,平常時出力制御の可能性がある設備－上位系設備,備考
I001,御所浅野線(～#20),77,2,411,291,熱容量,御所→御所浅野線#20,-41,-,可,120,-,-,-,※２
I002,御所浅野線(#20～),77,2,175,138,熱容量,御所浅野線#20→浅野,6,-,可,37,-,-,-,※２
I003,大浦支線,77,2,255,217,熱容量,御所浅野線#20→大浦,-48,-,可,38,-,-,-,※２
I004,東金沢線,77,2,175,138,熱容量,御所→東金沢,-24,-,可,37,-,-,-,※２
I006,,77,2,,,熱容量,,,-,,,-,-,-,◇
I008,金沢中央線,77,2,77,39,熱容量,東金沢→金沢中央,6,-,不可　♯２,-,-,-,-,
I009,,77,2,,,熱容量,,,-,,,-,-,-,◇
I010,津幡線,77,2,175,88,熱容量,津幡大浦支線#20→津幡,-48,-,可,87,-,-,-,
I011,津幡大浦支線,77,2,175,138,熱容量,大浦→津幡大浦支線#20,-48,-,可,37,-,-,-,※２
I012,高松線,77,2,175,126,熱容量,津幡→高松,-53,-,可,49,-,-,-,※２
I013,宇ノ気支線,77,2,175,88,熱容量,高松線#27→宇ノ気,-8,-,可,87,-,-,-,
I014,,77,2,,,熱容量,,,-,,,-,-,-,◇
I015,,77,2,,,熱容量,,,-,,,-,-,-,◇
I016,,77,2,,,熱容量,,,-,,,-,-,-,◇
I017,田上線,77,2,175,88,熱容量,東金沢→田上,-34,-,不可　♯２,-,-,-,-,
I018,新辰巳線,77,1,39,39,熱容量,－,-,5,-,-,-,-,-,※１●
I019,上寺津線,77,1,48,48,熱容量,－,-,20,-,-,-,-,-,※１●
I020,新内川支線,77,1,12,12,熱容量,－,-,4,-,-,-,-,-,※１●
I021,,77,1,,,熱容量,－,-,2,-,-,-,-,-,◇●
I022,,77,2,,,熱容量,,,-,,,-,-,-,◇
I024,金石線（～#10),77,2,241,120,熱容量,北金沢→金石線#10,14,-,可,121,-,-,-,
I025,金石線（#10～),77,2,255,128,熱容量,金石線#10→金石,7,-,可,127,-,-,-,
I027,北安江線,77,2,172,123,熱容量,北金沢→北安江,18,-,可,49,-,-,-,※２
I028,昭和町線,77,2,114,57,熱容量,北安江→昭和町,9,-,可,57,-,-,-,
I029,松任連絡線,77,2,255,128,熱容量,北金沢→松任,1,-,可,127,-,-,-,
I030,安原支線,77,2,129,64,熱容量,松任連絡線#16→安原,8,-,可,65,-,-,-,
I031,竹松支線,77,2,193,96,熱容量,松任連絡線#29→竹松,1,-,可,97,-,-,-,
I033,,77,1,,,熱容量,,,-,,,-,-,-,◇
I034,西金沢連絡線,77,2,175,88,熱容量,北金沢→西金沢,-7,-,不可　♯２,-,-,-,-,
I035,,77,1,,,熱容量,,,-,,,-,-,-,◇
I036,長坂線（～#23),77,2,255,202,熱容量,南金沢→長坂線#23,11,-,可,53,-,-,-,※２
I037,長坂線（#23～#29),77,2,175,88,熱容量,長坂線#23→長坂線#29,6,-,可,87,-,-,-,
I038,長坂線（#29～),77,2,96,48,熱容量,長坂線#29→長坂,6,-,可,48,-,-,-,
I039,長坂田上支線,77,2,175,138,熱容量,長坂線#23→田上,6,-,可,37,-,-,-,※２
I040,松任線,77,2,342,257,熱容量,南金沢→松任久常線#11,4,-,可,85,-,-,-,※２
I041,松任久常線(～#19),77,2,255,128,熱容量,松任→松任久常線#19,-1,-,可,127,-,-,-,
I042,松任久常線(#19～),77,2,175,88,熱容量,松任久常線#19→久常,0,-,可,87,-,-,-,
I043,美川支線,77,2,175,88,熱容量,松任久常線#19→美川,-1,-,可,87,-,-,-,
I044,川北支線,77,2,166,83,熱容量,松任線#17→川北,0,-,不可　♯２,-,-,-,-,
I045,西金沢線(～#11-1),77,2,255,202,熱容量,南金沢→西金沢線#11-1,21,-,可,53,-,-,-,※２
I046,西金沢線(#11-1～),77,2,255,216,熱容量,西金沢線#11-1→西金沢,14,-,可,39,-,-,-,※２
I047,増泉線,77,2,217,108,熱容量,南金沢→増泉,11,-,可,109,-,-,-,
I048,大工町線,77,2,86,86,熱容量,増泉→大工町,2,-,可,0,-,-,-,※２
I049,泉野線,77,2,73,37,熱容量,増泉→泉野,4,-,不可　♯２,-,-,-,-,
I050,下林線,77,2,96,48,熱容量,南金沢→下林,3,-,可,48,-,-,-,
I051,鶴来（第一）第二線,77,2,204,147,熱容量,南金沢→鶴来,-142,-,可,57,-,-,-,※２
I052,,77,1,,,熱容量,－,-,14,-,-,-,-,-,◇●
I053,能美線,77,2,255,158,熱容量,鶴来→能美,10,-,可,97,-,-,-,※２
I054,能美川北線,77,2,175,138,熱容量,能美→川北,3,-,可,37,-,-,-,※２
I055,,77,2,,,熱容量,,,-,,,-,-,-,◇
I056,,77,1,,,熱容量,,,-,,,-,-,-,◇
I057,吉野谷線(#50～),77,1,48,48,熱容量,吉野谷線#50→沢,0,-,不可　♯２,-,-,-,-,※１
I058,,77,1,,,熱容量,－,-,32,-,-,-,-,-,◇●
I059,大日川線,77,1,19,19,熱容量,－,-,6,-,-,-,-,-,※１●
I060,,77,1,,,熱容量,－,-,7,-,-,-,-,-,◇●
I061,手取線,77,2,255,214,熱容量,鶴来→吉野谷,-148,-,可,41,-,-,-,※２
I062,福一支線,77,2,96,48,熱容量,手取線#42→福岡第一,-7,-,可,48,-,-,-,
I063,,77,2,,,熱容量,,,-,,,-,-,-,◇
I064,尾添線（～#5),77,1,48,48,熱容量,尾口→尾添線#5,-48,-,不可　♯２,-,有り,対象,I067,※１
I065,尾添線（#5～),77,1,36,36,熱容量,－,-,5,-,-,有り,-,"I064,I067",※１●
I066,三ツ又線,77,1,18,18,熱容量,尾添線#8→三ツ又第一,-14,-,不可　♯２,-,有り,-,"I064,I067",※１
I067,尾口線,77,2,102,51,熱容量,吉野谷→尾口,-66,-,不可　♯２,-,有り,対象,-,※１
I069,白峰勝山線,77,154kV未満予想潮流・空容量（福井県）F038参照,,,,,,,,,,,,
I070,市ノ瀬線,77,1,19,19,熱容量,白峰→市ノ瀬,-7,-,不可　♯２,-,－,-,-,※１
I071,桑島線(#4～),77,1,48,48,熱容量,吉野谷→桑島線#4,-30,-,不可　♯２,-,－,-,-,※１
I072,桑島線(～#4),77,1,14,14,熱容量,桑島線#4→桑島,-8,-,不可　♯２,-,－,-,-,※１
I073,白峰線,77,1,52,52,熱容量,桑島線#4→白峰,-23,-,不可　♯２,-,－,-,-,※１
I074,久常線(～#17),77,2,289,202,熱容量,新小松→久常線#17,-41,-,可,87,－,-,-,※２
I075,久常線(#17～),77,2,175,138,熱容量,久常線#17→久常,8,-,可,37,－,-,-,※２
I076,荒木田支線,77,2,241,120,熱容量,久常線#17→荒木田,1,-,可,121,－,-,-,
I077,根上線,77,2,175,88,熱容量,久常→根上,2,-,可,87,－,-,-,
I078,,77,2,,,熱容量,,,-,,,－,-,-,◇
I079,,77,2,,,熱容量,,,-,,,－,-,-,◇
I080,小松線,77,2,255,128,熱容量,新小松→小松,6,-,可,127,－,-,-,
I081,安宅線,77,2,175,88,熱容量,小松→安宅,-2,-,可,87,－,-,-,
I082,粟津線,77,2,175,88,熱容量,新小松→粟津,-5,-,可,87,－,-,-,
I083,,77,1,,,熱容量,,,-,,,－,-,-,◇
I084,,77,1,,,熱容量,,,-,,,－,-,-,◇
I085,箱宮線,77,2,204,165,熱容量,新小松→箱宮,-32,-,可,39,－,-,-,※２
I086,沢線,77,1,48,48,熱容量,箱宮線#28→沢,-3,-,不可　♯２,-,－,-,-,※１
I087,大聖寺線(～#34),77,2,204,102,熱容量,箱宮→大聖寺線#34,0,-,不可　♯２,-,－,-,-,
I088,大聖寺線(#34～),77,2,175,88,熱容量,大聖寺線#34→大聖寺,-13,-,可,87,－,-,-,
I089,山中支線,77,2,96,48,熱容量,大聖寺線#34→山中,-13,-,可,48,－,-,-,
I090,片山津線,77,2,96,48,熱容量,山代線#8→片山津,-9,-,可,48,－,-,-,
I091,,77,1,,,熱容量,,,-,,,－,-,-,◇
I092,山代線(～#8),77,2,144,72,熱容量,大聖寺→山代線#8,-10,-,可,72,－,-,-,
I254,山代線(#8～),77,2,96,48,熱容量,山代線#8→山代,-1,-,可,48,－,-,-,
I093,熊坂線,77,2,428,309,熱容量,東金津→大聖寺,-26,-,可,119,－,-,-,※２
I094,加能連絡線,77,2,175,88,熱容量,押水→高松,-13,-,不可　♯２,-,－,-,-,
I095,羽咋線（～#28),66,2,222,173,熱容量,新能登→羽咋線#28,-110,-,可,49,－,-,-,※２
I096,羽咋線（#28～),66,2,136,68,熱容量,羽咋線#28→羽咋,-24,-,可,68,－,-,-,
I097,押水支線,66,2,155,121,熱容量,羽咋線#28→押水,-86,-,可,34,－,-,-,※２
I098,,66,2,,,熱容量,,,-,,,－,-,-,◇
I099,,66,1,,,熱容量,,,-,,,－,-,-,◇
I100,能登部線,66,2,150,75,熱容量,新能登→能登部,-109,-,可,41,－,対象,-,※２
I101,高浜線(～#29),66,2,150,75,熱容量,新能登→高浜線#29,-145,-,可,0,－,対象,-,
I102,高浜線(#29～),66,2,83,41,熱容量,高浜線#29→高浜,-18,-,可,42,－,-,I101,
I103,若葉台線,66,2,96,48,熱容量,高浜線#29→若葉台,-141,-,可,0,－,対象,I101,
I104,赤住線（～#10),66,1,41,41,熱容量,若葉台→赤住線#10,-22,-,不可　♯２,-,－,-,"I101,I103",※１
I105,,66,1,,,熱容量,,,-,,,－,-,"I101,I103",◇
I106,富来線,66,2,83,41,熱容量,若葉台→富来,-83,-,可,0,－,対象,"I101,I103",
I107,,66,2,,,熱容量,,,-,,,－,-,"I101,I103",◇
I108,七尾線（～#22）,66,2,150,75,熱容量,新能登→七尾線#22,-62,-,可,75,－,-,-,
I109,七尾線（#22～）,66,2,150,75,熱容量,七尾線#22→七尾,-51,-,可,75,－,-,-,
I110,藤橋線,66,1,48,48,熱容量,和倉線#30→七尾,0,-,不可　♯２,-,－,-,-,※１
I111,,66,1,,,熱容量,,,-,,,－,-,-,◇
I112,和倉線,66,2,150,75,熱容量,新能登→和倉,-46,-,可,75,－,-,-,
I113,穴水線,66,2,125,63,熱容量,能登部→穴水,-109,-,可,15,－,対象,I100,
I114,中島支線,66,2,83,41,熱容量,穴水線#62→中島,-13,-,可,42,－,-,"I100,I113",
I115,穴水連絡線,66,2,165,83,熱容量,鳳至→穴水,-112,-,可,52,－,対象,H040,※２
I116,輪島線,66,2,96,48,熱容量,鳳至→輪島,-37,-,可,48,－,-,H040,
I117,門前線,66,2,96,48,熱容量,鳳至→門前,-49,-,可,47,－,対象,H040,
I118,宇出津線（～#72),66,2,143,71,熱容量,穴水→宇出津線#72,-111,-,可,32,－,対象,"H040,I115",
I119,宇出津線（#72～),66,2,143,71,熱容量,宇出津線#72→宇出津,-8,-,可,72,－,-,"H040,I115,I118",
I120,飯田線,66,2,95,47,熱容量,宇出津線#72→飯田,-58,-,可,37,－,対象,"H040,I115,I118",
I121,内浦支線,66,2,78,39,熱容量,飯田線#30→内浦,-3,-,可,39,－,-,"H040,I115,I118,I120",
I122,我谷線,33,1,15,15,熱容量,山中→新我谷,-11,-,不可　♯２,-,－,-,-,※１
I123,枯渕線,33,1,14,14,熱容量,我谷線#1→枯渕,-6,-,不可　♯２,-,－,-,-,※１
I124,九谷線(～#21),33,1,3,3,熱容量,九谷線#21→九谷,-2,-,不可　♯２,-,－,-,-,※１
I125,九谷線(#21～),33,1,14,14,熱容量,枯渕→九谷線#21,-6,-,不可　♯２,-,－,-,-,※１
I126,,22,1,,,熱容量,,,-,,,－,-,-,◇
I127,,77,2,,,熱容量,,,-,,,－,-,-,◇
I201,武蔵第１線,22,1,18,18,熱容量,-,-,18,-,-,-,-,-,※１●
I202,香林坊第2線,22,1,12,12,熱容量,-,-,12,-,-,-,-,-,※１●
I203,香林坊第3線,22,1,18,18,熱容量,-,-,18,-,-,-,-,-,※１●
I204,駅前第1線,22,1,18,18,熱容量,-,-,18,-,-,-,-,-,※１●
I205,駅前第2線,22,1,18,18,熱容量,-,-,18,-,-,-,-,-,※１●
I206,駅前第3線,22,1,18,18,熱容量,-,-,18,-,-,-,-,-,※１●
I207,駅前第4線,22,1,18,18,熱容量,-,-,18,-,-,-,-,-,※１●
I208,,22,1,,,熱容量,-,-,18,-,-,-,-,-,◇●
I209,湊線,22,1,18,18,熱容量,-,-,18,-,-,-,-,-,※１●
I210,内灘線,22,1,18,18,熱容量,-,-,18,-,-,-,-,-,※１●
I211,大浜線,22,1,18,18,熱容量,-,-,18,-,-,-,-,-,※１●
I212,,22,1,,,熱容量,-,-,15,-,-,-,-,-,◇●
I213,テクノ線,22,1,18,18,熱容量,-,-,17,-,-,-,-,-,※１●
I214,湖南支線,22,1,10,10,熱容量,-,-,10,-,-,-,-,-,※１●
I215,内灘支線,22,1,10,10,熱容量,-,-,10,-,-,-,-,-,※１●
I216,鶴ヶ丘支線,22,1,10,10,熱容量,-,-,10,-,-,-,-,-,※１●
I217,第2千鳥台支線,22,1,12,12,熱容量,-,-,12,-,-,-,-,-,※１●
I218,千鳥台連絡線,22,1,15,15,熱容量,-,-,15,-,-,-,-,-,※１●
I219,蚊爪支線,22,1,10,10,熱容量,-,-,9,-,-,-,-,-,※１●
I220,河原市支線,22,1,10,10,熱容量,-,-,9,-,-,-,-,-,※１●
I221,白帆台支線,22,1,10,10,熱容量,-,-,8,-,-,-,-,-,※１●
I230,,22,1,,,熱容量,-,-,12,-,-,-,-,-,◇●
I231,小松鉄工連絡線,22,1,12,12,熱容量,-,-,12,-,-,-,-,-,※１●
I232,小松鉄工線,22,1,12,12,熱容量,-,-,10,-,-,-,-,-,※１●
I233,鉄工東線,22,1,12,12,熱容量,-,-,12,-,-,-,-,-,※１●
I234,小松鉄工中支線,22,1,10,10,熱容量,-,-,10,-,-,-,-,-,※１●
I235,小松鉄工北支線,22,1,10,10,熱容量,-,-,10,-,-,-,-,-,※１●
I236,小松鉄工西支線,22,1,10,10,熱容量,-,-,8,-,-,-,-,-,※１●
I237,小松鉄工東支線,22,1,10,10,熱容量,-,-,10,-,-,-,-,-,※１●
I238,小松鉄工南支線,22,1,10,10,熱容量,-,-,10,-,-,-,-,-,※１●
I240,町野線,22,1,11,11,熱容量,-,-,11,-,-,有り,-,"H040,I115,I118",※１●
I241,粟蔵線,22,1,11,11,熱容量,-,-,11,-,-,有り,-,"H040,I115,I118",※１●
I242,粟蔵支線,22,1,11,11,熱容量,-,-,11,-,-,有り,-,"H040,I115,I118",※１●
I243,柳田支線,22,1,10,10,熱容量,-,-,10,-,-,有り,-,"H040,I115,I118",※１●
I244,能登島線,22,1,9,9,熱容量,-,-,7,-,-,有り,-,"I100,I113",※１●
I250,日写線,22,1,16,16,熱容量,-,-,16,-,-,-,-,-,※１●
I251,日写第２線,22,1,15,15,熱容量,-,-,15,-,-,-,-,-,※１●
I252,薬師線,22,1,10,10,熱容量,-,-,9,-,-,-,-,-,※１●
I253,,77,2,,,熱容量,,,-,,,－,-,-,◇
I255,大工町昭和町線,77,1,85,85,熱容量,昭和町→大工町,0,-,不可　♯２,-,－,-,-,※１
