2026”N9ŒŽ1“úXV,,,,,,,,,,,,,,,,,
‘—“düNo,‘—“dü–¼,“dˆ³ikVj,‰ñü”,Ý”õ—e—Ê(100%~‰ñü”)(MW),‰^—p—e—Ê’l(MW),‰^—p—e—Ê§–ñ—vˆö,’ª—¬•ûŒü,—\‘z’ª—¬(MW),‹ó—e—Ê(“–ŠYÝ”õ)(MW),‹ó—e—Ê(ãˆÊŒn“™l—¶)(MW),N-1“d§“K—p‰Â”Û,N-1“d§“K—p‰Â”\—Ê(MW),•½íŽžo—Í§Œä‚Ì‰Â”\«,•½íŽžo—Í§Œä‚Ì‰Â”\«‚ª‚ ‚éÝ”õ(“–ŠYÝ”õ),•½íŽžo—Í§Œä‚Ì‰Â”\«‚ª‚ ‚éÝ”õ(ãˆÊŒnÝ”õ),”õl,
1,Žl‘’†‰›¼Š²ü,500,2,|,|,”M—e—Ê,\,|,|,|,|,|,|,|,|,ž,
2,Žl‘’†‰›’†Š²ü,500,2,"6,580 ","2,060 ",ˆÀ’è“xŒÀŠE,•Ï2¨•Ï3,"1,427",|,|,•s‰Âò‚P,|,|,|,|,,
3,Žl‘’†‰›“ŒŠ²ü,500,2,"6,580 ","2,060 ",ˆÀ’è“xŒÀŠE,•Ï3¨•Ï4,"1,880",|,|,•s‰Âò‚P,|,|,|,|,,
4,ˆ¢”gŠ²ü,500,2,"6,580 ","2,530 ",ˆÀ’è“xŒÀŠE,•Ï5¨•Ï4,"2,505",|,|,•s‰Âò‚P,|,|,|,|,,
5,“ìˆ¢”gŠ²ü,500,2,"6,580 ","2,530 ",ˆÀ’è“xŒÀŠE,ˆ¢“ì•ÏŠ·Š¨•Ï5,"2,505",|,|,•s‰Âò‚P,|,|,|,|,,
6,‹k˜p‰Î—Íü,500,2,"5,732 ","3,290 ",”M—e—Ê,<7>”­“dŠ¨ˆ¢“ì•ÏŠ·Š,"2,645",|,|,‰Â,0,|,|,|,,
7,ˆÉ•û–kŠ²ü,187,2,|,|,”M—e—Ê,\,|,|,|,|,|,|,|,|,ž,
8,ˆÉ•û“ìŠ²ü,187,2,|,|,”M—e—Ê,\,|,|,|,,,,,,,
9,LŒ©ü,187,2,"1,116 ",638 ,”M—e—Ê,•Ï22¨•Ï21,555,|,|,•s‰Âò‚Q,|,|,|,|,¦‚R,
10,‘åF–kŠ²ü,187,2,"1,116 ","1,914 ",”M—e—Ê,•Ï21¨•Ï2,774,|,|,‰Â,250,|,|,|,¦‚QC‚R,
11,‘åF“ìŠ²ü,187,2,"1,116 ",,”M—e—Ê,•Ï21¨•Ï2,,|,|,,,,,,,
12,¼ŽRŠ²ü,187,2,"1,420 ",808 ,”M—e—Ê,•Ï2¨•Ï19,368,|,|,•s‰Âò‚P,|,|,|,|,¦‚R,
13,¼ŽR¼ü,187,2,710 ,404 ,”M—e—Ê,•Ï19¨•Ï20,84,|,|,•s‰Âò‚P,|,|,|,|,¦‚R,
15,¼ŽR“Œü,187,2,906 ,494 ,”M—e—Ê,•Ï25¨•Ï20,183,|,|,•s‰Âò‚P,|,|,|,|,¦‚R,
16,ì“àŠ²ü,187,2,"1,384 ",790 ,”M—e—Ê,•Ï25¨•Ï2,258,|,|,•s‰Âò‚P,|,|,|,|,¦‚R,
17,¼ð‰Î—Íü,187,2,"1,638 ",963 ,”M—e—Ê,•Ï24¨•Ï25,"1,075",|,|,‰Â,0,—L‚è,‘ÎÛ,|,¦‚R,
18,p¶ìü,187,2,702 ,398 ,”M—e—Ê,•Ï23¨•Ï24,292,|,|,‰Â,0,—L‚è,|,Šî‘—17,¦‚R,
19,¼ðü,187,2,"1,660 ",948 ,”M—e—Ê,•Ï25¨•Ï3,552,|,|,•s‰Âò‚P,|,|,|,|,¦‚R,
20,–{ìü,187,2,"1,420 ",760 ,”M—e—Ê,•Ï3¨•Ï17,-503,|,|,•s‰Âò‚P,|,|,|,|,¦‚R,
21,‚’mŠ²ü,187,2,"1,420 ",808 ,”M—e—Ê,•Ï13¨•Ï17,285,|,|,•s‰Âò‚P,|,|,|,|,¦‚R,
22,V‰ü‚’mü,187,2,710 ,404 ,”M—e—Ê,•Ï14¨•Ï13,-120,|,|,•s‰Âò‚P,|,|,|,|,¦‚R,
23,V‰üŠ²ü,187,2,448 ,412 ,”M—e—Ê,•Ï14¨•Ï12,299,|,|,•s‰Âò‚P,|,|,|,|,¦‚R,
24,ŽO“‡¼ü,187,2,"1,242 ",621 ,”M—e—Ê,•Ï3¨•Ï26,239,|,|,•s‰Âò‚P,|,|,|,|,¦‚T,
25,ŽO“‡“Œü,187,2,710 ,404 ,”M—e—Ê,•Ï26¨•Ï12,230,|,|,•s‰Âò‚P,|,|,|,|,¦‚R,
26,‹g–ììü,187,2,710 ,504 ,”M—e—Ê,•Ï12¨•Ï4,497,|,|,•s‰Âò‚P,|,|,|,|,¦‚R,
27,Ž]Šòâoü,187,2,968 ,"1,224 ",”M—e—Ê,•Ï31¨•Ï4,"1,434",|,|,‰Â,0,—L‚è,‘ÎÛ,Šî‘—29,¦‚S,
28,âo‰Î—Íü,187,2,968 ,,”M—e—Ê,•Ï31¨•Ï28,,|,|,,,,,,,
29,ìü,187,2,448 ,448 ,”M—e—Ê,•Ï4¨•Ï28,-600,|,|,‰Â,0,—L‚è,‘ÎÛ,|,¦‚S,
30,–ƒü,187,2,"1,420 ",808 ,”M—e—Ê,•Ï4¨•Ï30,-131,|,|,‰Â,250,|,|,|,¦‚R,
31,‚¼ü,187,4,"1,420 ","1,212 ",”M—e—Ê,•Ï4¨•Ï27,-187,|,|,‰Â,208,|,|,|,¦‚QC‚R,
32,Ž]Šò–Â–åü,187,2,"2,232 ","1,276 ",”M—e—Ê,•Ï4¨‘—32 ‡‚69,184,|,|,•s‰Âò‚P,|,|,|,|,¦‚R,
,,,2,"2,232 ","1,276 ",”M—e—Ê,‘—32 ‡‚69¨•Ï9,149,|,|,,,,,,,
33,‘åìŽxü,187,2,"1,116 ",638 ,”M—e—Ê,‘—32 ‡‚69¨•Ï29,153,|,|,•s‰Âò‚P,|,|,|,|,¦‚R,
34,ˆ¢”g–Â–åü,187,2,"1,846 ",923 ,”M—e—Ê,•Ï5¨•Ï9,252,|,|,•s‰Âò‚P,|,|,|,|,¦‚T,
35,ˆ¢”g‘•{ü,187,2,"1,846 ",923 ,”M—e—Ê,•Ï8¨•Ï5,258,|,|,•s‰Âò‚P,|,|,|,|,¦‚T,
36,ˆü•½ü,187,1,224 ,224 ,”M—e—Ê,•Ï11¨•Ï8,89,|,|,•s‰Âò3,|,|,|,|,¦‚P,
37,ˆ¢“ì‰Î—Íü,187,2,896 ,877 ,”M—e—Ê,•Ï8¨•Ï10,-257,|,|,‰Â,250,|,|,|,¦‚S,
38,ˆ¢“ìŠ²ü,187,2,710 ,,”M—e—Ê,•Ï12¨•Ï10,,|,|,,,,,,,
39,’·ŽRü,187,1,171 ,171 ,”M—e—Ê,‘—39 ‡‚1¨<16>”­“dŠ,-146,|,|,•s‰Âò3,|,|,|,|,*1A¦‚P,
,,,1,171 ,171 ,”M—e—Ê,V‰üŠJ•ÂŠi•Ï14j¨‘—39 ‡‚1,-146,|,|,,,,,,,
40,ˆÉVüiV‰üj,187,1,224 ,224 ,”M—e—Ê,<18>”­“dŠ¨V‰üŠJ•ÂŠi•Ï14j,103,|,|,•s‰Âò3,|,|,|,|,¦‚P,
41,ˆÉVüiˆÉ—\j,187,1,224 ,224 ,”M—e—Ê,<18>”­“dŠ¨ˆÉ—\ŠJ•ÂŠi•Ï25j,66,|,|,•s‰Âò3,|,|,|,|,¦‚P,
42,“Þ”¼—˜ìŽxü,187,2,448 ,224 ,”M—e—Ê,‘—39 ‡‚1¨•Ï15,0,|,|,•s‰Âò3,|,|,|,|,*1,
43,“ñ–”ü,187,1,|,|,”M—e—Ê,\,|,|,|,|,|,|,|,|,ž,
44,‹›—À£ü,187,1,|,|,”M—e—Ê,\,|,|,|,|,|,|,|,|,ž,
45,Žù—v‰Æü,187,2,|,|,”M—e—Ê,\,|,|,|,|,|,—L‚è,|,Šî‘—27C28C29,ž,
46,Žù—v‰Æü,187,1,|,|,”M—e—Ê,\,|,|,|,|,|,|,|,|,ž,
*1 2028”N11ŒŽˆÈ~‚Ì‘z’è‚ð‹LÚ‚µ‚Ä‚¨‚èA‚»‚êˆÈ‘O‚Í‹LÚ“à—e‚ÆˆÙ‚È‚éê‡‚ª‚ ‚è‚Ü‚·B‚Ü‚½A¡Œã‚Ì“dŒ¹˜AŒn“™‚É”º‚¢•ÏX‚Æ‚È‚éê‡‚ª‚ ‚è‚Ü‚·B,,,,,,,,,,,,,,,,,
